subject,day,y_true,pred_lasso,pred_nn
S1,0,1.4937143566861453,1.248854471556083,1.0372092862132978
S1,0,1.3051579642193851,1.1078225102389454,0.9649305530141103
S1,0,1.2378469145293534,1.0656451309793527,1.0234975484837845
S1,0,1.1992895132700192,1.0250011024105254,0.7814760985897614
S1,0,1.5329761187227597,1.2253878731078673,1.182308609807442
S1,0,1.439628957205563,1.260128951998497,1.1578852538455626
S1,0,1.3871304019197583,1.2088241468867027,1.1451858783501976
S1,0,1.320390063594797,1.0292589799243796,0.9572662189236674
S1,0,1.0476954891128396,1.0176867891578787,0.9328241555073747
S1,0,1.15033972266974,1.0393804471402635,1.0251951413697835
S1,0,1.1285573863801415,1.0046010198510755,0.9617601560434001
S1,0,1.014966423272589,1.063420828695506,0.9970499602131476
S1,0,1.161027921578673,1.0290852331120388,1.062151302034334
S1,0,1.258154059178202,1.0945248300230932,0.9392383911559361
S1,0,1.2482555047150943,1.0962194963260137,1.0367737989491776
S1,0,1.268841921250011,1.0743887172588922,1.0836088697734216
S1,0,1.282849984730706,1.1580547699962165,1.0303645782061381
S1,0,1.0756784565365018,0.9023631890562325,0.9851987512318987
S1,0,0.9988563060595623,0.8962687900277845,0.9525494587887875
S1,0,1.0466720891126882,0.9027157314951618,1.0524430513071397
S1,0,1.0347325687763536,1.0658760692113594,1.1380631958608862
S1,0,1.091783898518857,1.0210355613624977,1.195895490116263
S1,0,1.2227258079328545,1.0485071502024597,1.1235071169506603
S1,0,1.032211595664102,1.0181633609141758,0.973969305347736
S1,0,1.0468590700894307,0.9281163096227618,0.9776612237681697
S1,0,1.0716630583061582,1.044041372675836,1.0455538260882304
S1,0,1.1401635914570636,1.0297683065487133,1.0176610911026513
S1,0,0.9251583642563079,0.8417997041145522,0.8801478939405576
S1,0,1.1997718738492886,1.118086617074129,1.2607736816861967
S1,0,0.8412908426011879,1.0362001092581494,1.1006460752868157
S1,0,0.9310579838598257,0.9879175117179969,1.110375168367465
S1,0,0.8790351080437319,0.8933203905186251,0.9221931479136427
S1,0,0.8343040604845338,0.9105054157979352,0.9619924284893384
S1,0,1.2860516642755113,1.1282189488559469,1.1527005711551435
S1,0,1.1924324465739664,1.0457500710900223,1.04838598066199
S1,0,1.0076954590111786,0.9941174893958804,1.0365826969429077
S1,1,1.0010360334073338,0.8322819378977502,0.8172289451215041
S1,1,1.3493909400363213,1.199083769715195,1.0713269906683263
S1,1,1.0351096747822364,1.0290588052849325,1.0043438203782302
S1,1,1.101440087448706,0.9882401938630008,0.9565969860461381
S1,1,1.1479204911133225,1.081487708817526,0.9802181169077928
S1,1,1.1402491104923986,0.9908019829284181,0.96132033906233
S1,1,1.052627917579207,0.9389726651873059,0.9051480678851261
S1,1,1.1169064168284268,0.9176627746133862,0.9370542691879413
S1,1,1.1498448604797822,1.0213200981862096,0.9703833101036272
S1,1,1.0024034954038723,0.8274227576709328,0.848494925912014
S1,1,1.189470871578565,1.0504613485122722,0.9468492281709368
S1,1,1.0692941862694207,0.9782139172952734,0.8986331414497996
S1,1,1.0202430100416444,0.8835834393543197,0.8792383102222217
S1,1,1.2890866725247416,1.1046452792302088,1.081726451621707
S1,1,1.2936853684911311,1.0917437604839912,1.1489724652582403
S1,1,1.1171617766268294,1.067186445133832,1.0672374994346698
S1,1,0.8794328219502431,0.8361603459361504,0.9058135672111165
S1,1,1.0423453855345262,0.9913405712277787,0.9678088893143346
S1,1,1.1702239009432245,0.8553415086221814,0.9103424068712642
S1,1,1.1926502008101012,1.054979972859559,0.9803317102974844
S1,1,1.2069038140596644,0.8855482233714156,0.9246765326700634
S1,1,0.9736293846167966,0.8655096625551665,0.9291542933997393
S1,1,0.9121529419940646,0.9332629958675601,0.8472929574914725
S1,1,0.9794167203852954,0.9943277238710927,1.026932284231391
S1,1,1.0086133473791656,1.0560587536109531,0.9874332647461097
S1,1,1.116213150075032,0.9852331790271163,0.8389806475241776
S1,1,0.9690130509320882,0.941467419898727,0.9157316903922397
S1,1,0.9252247593302486,1.0473576405691358,1.030286857836875
S1,1,0.971796989693855,0.872951542790121,0.7496062877818322
S1,1,1.080805939640521,1.015271940412759,1.0007828187127246
S1,1,1.0053635345738003,0.9999074145306306,1.0289114069590832
S1,1,1.046717008461653,1.1608054161656018,1.0365195147644966
S1,1,1.002960478456332,0.9911152648909256,0.99329015905629
S1,1,0.833155339687409,0.8160103129513728,0.8808020574722492
S1,1,0.9170939053909557,1.2167716080406192,1.15610674835865
S1,1,0.901166631627341,0.880960871870549,0.8787323509100499
S1,2,0.7556191749565967,1.0893138051063997,0.9950963652396113
S1,2,0.917255655859286,1.163171195289165,1.0943912252708476
S1,2,0.8301321881184326,1.0466700876147939,0.9851827714157512
S1,2,0.6854784670012926,1.000229153047402,0.9113274010768616
S1,2,0.6574041625299278,0.9324185919785187,0.8508030528755997
S1,2,0.8158354728396564,1.1256195866320924,1.1840879635158934
S1,2,0.6861863581459573,0.872731664073872,0.8067812748254671
S1,2,0.660812196566609,0.759937759920756,0.7085615930801492
S1,2,0.647135633349715,0.8191102371658531,0.7671294678504673
S1,2,0.7534945575461859,0.8181521460883378,0.7753434075269073
S1,2,0.909975065129272,0.8824929061443932,0.8308872927770226
S1,2,0.6744657832005004,0.7402378676253627,0.691302388494162
S1,2,0.6543122500905021,0.8507490625102836,0.7515419659401319
S1,2,0.6537751622715092,0.9314780104672842,0.8502446683435064
S1,2,0.660198349657752,0.7733297532133567,0.7372041455160618
S1,2,0.6325863156386351,0.8657294774015741,0.8227871177260673
S1,2,0.5718834373137204,0.8110818317360093,0.780695287187134
S1,2,0.6274604230147824,0.7396403571649355,0.7158561841880788
S1,2,0.6234624437349137,0.7979455257918933,0.754563844788747
S1,2,0.9001164463041799,0.9431359891816072,0.9134816038394905
S1,2,0.6173899128625738,0.8612713265380257,0.7847599695582806
S1,2,0.6103376681967857,0.7021359370576236,0.6546556924416274
S1,2,0.7240153488460935,0.7773959668945203,0.751955891779815
S1,2,0.6734623938962712,0.7511236085986278,0.7136564217315623
S1,2,0.6868372613334496,0.7054551010409085,0.6889827156439376
S1,2,0.49510309839753724,0.7955375632489552,0.7088987088674896
S1,2,0.6500399242086135,0.730112132460419,0.699663145045677
S1,2,0.7128577670174809,0.8120450936733915,0.7605734105326768
S1,2,0.930971442752834,0.9357830790642256,0.8991642264322637
S1,2,0.656258751221073,0.8027243228872464,0.7830983751431243
S1,2,0.8234891427515801,0.9217882152409914,0.8934160957993244
S1,2,0.6628568629566408,0.7417621727437069,0.6877785732946906
S1,2,0.6576338601571118,0.7221250428119018,0.6744840302958797
S1,2,0.695208907181378,0.8309617148255244,0.7813092655013033
S1,2,0.6224822471061445,0.7934884367148298,0.7416283790876899
S1,2,0.6461870480687065,0.7190064149845847,0.6586352431281353
S1,3,0.729961647587779,0.8206359123387964,0.7939808767968425
S1,3,0.9883535512103485,0.9634628869620414,0.9778136798590914
S1,3,0.9165377264894082,0.7263152696209807,0.7054830950900047
S1,3,0.8223516538237168,0.6212632943426776,0.6134604054784425
S1,3,0.8593308968033911,0.7116906001119893,0.6760352167694857
S1,3,0.5759159841401832,0.6274887136379805,0.6256866866011724
S1,3,0.6059854983484705,0.5858659097112604,0.5834642957635443
S1,3,0.7681302252932659,0.5555482306617576,0.5576820840420014
S1,3,0.6660269684998614,0.45026954455619905,0.5071395631597033
S1,3,0.8100726347480978,0.6231706562019552,0.6060102362515108
S1,3,0.6367909667559114,0.7216066322926301,0.7068539080877272
S1,3,0.6033888755937378,0.5755573198293005,0.5635126540705464
S1,3,0.5698222106393993,0.5433224984527456,0.5474208114826696
S1,3,0.6345663923760589,0.5587723393132882,0.5621894072230603
S1,3,0.6015615005073168,0.5845135577099794,0.5894421827701499
S1,3,0.504349667496881,0.6370455472189729,0.6251696910923215
S1,3,0.5712074151504315,0.5488266482714783,0.5749937567325605
S1,3,0.6282854843605529,0.5582538468665472,0.5712684574991307
S1,3,0.7449337320753473,0.7069360080358249,0.6856322177714935
S1,3,0.7248784154815967,0.7337112407522249,0.6943214872835037
S1,3,0.5500843296114875,0.6370065839353141,0.6022614966543343
S1,3,0.4026243576018431,0.6483273365269494,0.6018035508698487
S1,3,0.5595219121141145,0.6864762380965422,0.61365793845445
S1,3,0.5463644372955551,0.5975738507459315,0.5826770594599702
S1,3,0.655712932493619,0.6746803711089575,0.6822373919329552
S1,3,0.5917629114858326,0.6687326258869437,0.6593487190016573
S1,3,0.6592347376974114,0.5000520243672639,0.5380322483495507
S1,3,0.7393204769419753,0.644176100803767,0.6475106000407457
S1,3,0.6950937821397032,0.6449314882329666,0.6412211976924919
S1,3,0.5438287453416848,0.5909618219045909,0.577050041033528
S1,3,0.7906931723623274,0.7640448108072502,0.7348617490308652
S1,3,0.49521130577982314,0.5076596209013977,0.5655783202244602
S1,3,0.8090850019654301,0.7844185839735128,0.785066222687953
S1,3,0.3907240241303227,0.6059790406191149,0.6459231508463281
S1,3,0.6734791679779017,0.6606086708776513,0.6979631292275742
S1,3,0.4866360564967756,0.5637655163543138,0.6022193991840169
S1,4,0.7730765347370226,0.8927644596608257,0.7799748768110311
S1,4,0.8362631204346366,0.7493326245588205,0.7046456322260843
S1,4,0.751712664222778,0.8683958515437924,0.8219342559499755
S1,4,0.7756503462848684,0.6573684419187705,0.6517577994663392
S1,4,0.8058655290515181,0.6986752826111798,0.680420186504817
S1,4,0.9721856083869101,0.9795297599900838,0.8398238997789799
S1,4,0.9543108404814427,0.8979253721668401,0.8261727577203255
S1,4,0.8662740184985319,0.611045989036818,0.6372155218173088
S1,4,0.8364822721378092,0.5496788886120569,0.5875030513177659
S1,4,0.8108840965118054,0.8332534755005475,0.7234416417905836
S1,4,0.7098259594403875,0.6943725509463224,0.6487986060319115
S1,4,0.6917757525116136,0.6461388475260834,0.6206617956749663
S1,4,0.4732703190939639,0.5429108276390091,0.5626690566845014
S1,4,0.5794354214884236,0.6337960343427487,0.6002507899100291
S1,4,0.6117389317998002,0.6028277231491599,0.5729971278667709
S1,4,0.7189187465148755,0.6880240269696849,0.7105945104510488
S1,4,1.0692527635725282,0.8160608949842354,0.7704545732277239
S1,4,0.6379328043579375,0.6342977731312152,0.633299822722312
S1,4,0.6933165328646305,0.7008575369261849,0.6589352048839261
S1,4,0.67997590204686,0.7118399613580816,0.6743323415395289
S1,4,0.6563377181828495,0.6579018545096075,0.646987406500336
S1,4,0.7067735999879424,0.791586164522652,0.7769824585865093
S1,4,0.5517134822136934,0.7196244150156482,0.7062024043540769
S1,4,0.6147484799619913,0.8457062453793569,0.770923546917103
S1,4,0.5441057814332588,0.5455660386189387,0.5913594292122217
S1,4,0.5201440393591389,0.8558358016178476,0.725610447775877
S1,4,0.5390309809965751,0.5872812870054367,0.5905821664423656
S1,4,0.6272557319500304,0.7207496267085736,0.684886186317575
S1,4,0.458428484249456,0.5852076167938427,0.5904128178447035
S1,4,0.4303567899342123,0.5264527775589326,0.5681389571522684
S1,4,0.4022615951153069,0.5377487809784823,0.5723566597502776
S1,4,0.48819571634223524,0.5050729248139569,0.5331842433006451
S1,4,0.4834754749592949,0.5405971006937746,0.5937132821507929
S1,4,0.4606074468171923,0.5104049715237767,0.5700831402808516
S1,4,0.6113900370057134,0.398997767263849,0.5488891122933248
S1,4,0.42224937314158806,0.48069231687506614,0.5600651672001824
S2,0,1.1808412774953483,0.8803147896931472,0.8840383942201436
S2,0,1.3198872599529654,1.7622675746280358,1.1131549613949527
S2,0,1.2719530464868465,1.0109425012544566,0.9177850838002604
S2,0,1.1256041183167507,0.9844128032571374,0.9347186855092526
S2,0,1.0075947802202028,0.9026296950768934,0.8382540444361904
S2,0,1.3088175053951294,0.9762751882209619,0.8736461990573492
S2,0,1.2674665250560007,1.0775110373513321,0.9232344074417422
S2,0,1.1074545994665965,0.8739004991607475,0.8649253003891083
S2,0,1.0297334978275998,0.8455469482361295,0.8088128151811032
S2,0,1.1698125116943978,0.982210206238638,0.9579677966855729
S2,0,0.8910799633449709,0.7704465586503852,0.7511455256690956
S2,0,0.6768844454343699,0.8144028214835394,0.8151256748289125
S2,0,0.8575689571019859,0.9063786545293302,0.8945988912702588
S2,0,0.838413540957847,1.048232767779834,0.9357775582693981
S2,0,0.8800771079985248,0.8131080720880175,0.7908274746173356
S2,0,1.7690026946502766,0.8587867203124229,0.7908525393939223
S2,0,0.9758327743252977,0.939129694920464,0.8696176362464442
S2,0,0.9414608655646909,0.9640825055593967,0.9351828993484376
S2,0,1.113259218234775,0.8502033875404624,0.8856875506035236
S2,0,1.0222293382262173,0.994955838616839,0.9655917816128211
S2,0,0.9994573895778142,0.9100399950052377,0.9013009145454194
S2,0,0.9747163548032202,1.0669080233037778,1.0277953930227297
S2,0,1.2366753620986728,1.2403799691718786,1.0832703975927276
S2,0,0.899559574627478,0.9441572362995315,0.8750732408866949
S2,0,1.3987131221208526,1.2886428306855149,1.0830089450834421
S2,0,0.8865601289581139,0.9383158606027064,0.9007299665585735
S2,0,0.9220819934940256,0.9582139134362684,0.9156594392980331
S2,0,1.1561044241593408,0.9644003517999883,0.9609705264701897
S2,0,1.0596558350044676,1.0095801455713207,0.9731745948356464
S2,0,1.0040984146944232,0.848704125627716,0.8715243979844715
S2,0,1.3098168536329042,1.22846215525436,1.0789808033249129
S2,0,0.9074443220471479,0.8329489500942294,0.8135246189676986
S2,0,0.8869345763790863,0.9150047597076828,0.8605137418428785
S2,0,0.9209458497662127,0.8304100530466832,0.8125606877001644
S2,0,0.9019501903726589,0.9506385673020369,0.9192269129595269
S2,1,0.9608326425382725,0.8583132065137424,0.8822765072590132
S2,1,1.0691508022827316,0.9216326853622325,0.9176242500754399
S2,1,1.0005655610222082,0.7645867203862464,0.7820145902747384
S2,1,0.8787241887542955,0.9244894483645824,0.805177714973737
S2,1,0.9642892017036184,0.8294400429373294,0.8247482164080883
S2,1,0.9804006686154263,0.7522355056627206,0.7285968855736203
S2,1,0.9881563750332153,0.7193370605656705,0.6820357975435988
S2,1,1.2023738632439125,1.0777277497000006,1.0467120938430383
S2,1,1.063064447232668,0.7657117749366639,0.8223677857860018
S2,1,0.886290569074291,0.8852613876153034,0.8702559405846084
S2,1,1.0524641893570121,0.8217834141431632,0.8602405343833096
S2,1,1.0841063394313757,0.9705910953268717,0.8716609065989539
S2,1,0.8713142561804602,0.7645146468001777,0.7285423515259299
S2,1,1.2534814171162074,0.9330870980526907,0.9539801054179516
S2,1,1.026428974157146,0.8905823563997867,0.8605647978071397
S2,1,1.0019101912747745,0.742880529619786,0.6993740029193763
S2,1,0.8987959470559855,0.7895349308677904,0.7097497032694885
S2,1,0.9477967376586913,0.8141420827616896,0.7357806443060194
S2,1,1.0191196243444867,0.9484519334425643,0.9026306940275598
S2,1,1.1061459430129894,0.8991923180464447,0.819235806152181
S2,1,0.9081513209421584,0.8381064610451299,0.7741102148585284
S2,1,0.9266963187142406,0.8332081300637881,0.7633382215786136
S2,1,0.8014310116153129,0.780887850817333,0.712211659244684
S2,1,0.8899038948942893,0.7988494540554564,0.7353923360648134
S2,1,0.9581488956760675,0.8218738207519911,0.7641740483376249
S2,1,0.8765053032742876,0.7203327806356695,0.7062162713227657
S2,1,0.807214133016274,0.7036537915049096,0.6919365154541378
S2,1,0.9629810237252737,0.8447113910324959,0.79246597727338
S2,1,0.8822234913894569,0.8244214910278752,0.7965628838050978
S2,1,0.8210968767236101,0.8116221594808343,0.7620395245173402
S2,1,1.0957405306267853,0.8131559188526964,0.8041483762705448
S2,1,0.8365645247518004,0.7386682506201804,0.7348747682611817
S2,1,0.9825881255750727,0.7832185511623737,0.7413955242687108
S2,1,0.8073790461662697,0.8179382179001942,0.7195309130260418
S2,1,1.0226978311379729,0.9297299021014586,0.8585637847438137
S2,1,0.8757807703919628,0.8027476752643472,0.7126126945323034
S2,2,0.6633800835862084,0.9471087519843996,0.9837896235528636
S2,2,0.6698121641899453,0.8900712551163372,0.881894550386254
S2,2,0.7112920135314548,0.8673480988856956,0.8521221956908278
S2,2,0.708090579408071,0.8488585803367802,0.8419541226977519
S2,2,0.7659587466860488,0.7542033819182528,0.6879621518041417
S2,2,0.7422360710079375,0.9959686961995897,0.9907920973302511
S2,2,0.6248958579089989,0.8235110787261566,0.8297937030960643
S2,2,0.6978702566118999,0.8278773157155549,0.797239880786567
S2,2,0.6876974557544594,0.7334365424831043,0.7212615114611758
S2,2,0.7733528084741375,0.974431377630679,0.9829487663419609
S2,2,0.7160685966360542,0.9543433905870776,0.8968574638737117
S2,2,0.7047342508049044,0.8878127014253828,0.8452730557350038
S2,2,0.8255285855289041,0.8842916084015647,0.7970368171800339
S2,2,0.8737364960378216,0.8803022064529684,0.8347697659175176
S2,2,0.6803978400501387,0.8172226944297452,0.8413416508566559
S2,2,0.7076489202920063,0.8896870186965966,0.9024877347690864
S2,2,0.7185684309618189,0.9274888373424236,0.9328796335720516
S2,2,0.7349897897129186,0.889658323052712,0.8923077307336731
S2,2,0.7670032422466119,0.9290933854514751,1.011051386278877
S2,2,0.8347665014479996,0.9309281092641113,0.9265578916292286
S2,2,0.6733031485661021,0.8252256419349193,0.8108176006702008
S2,2,0.7941204476992444,0.9672854729939059,0.9644452011779416
S2,2,0.7305647155299403,0.9269518475305742,0.891042111924589
S2,2,0.6824688866545239,0.845068026543204,0.825910495779925
S2,2,0.6768897829990163,0.8061222108064551,0.8251482695343947
S2,2,0.7424741787083488,0.9622265164904977,1.002532250239896
S2,2,0.7457665749637061,0.8925868142241621,0.8929505899764807
S2,2,0.8519394487375302,1.0537234075542778,1.1000250517672663
S2,2,0.7312667370443136,0.9381516042534556,0.9438513372780436
S2,2,0.7494361216396459,1.0360177561220452,0.9730306551602047
S2,2,0.8463435147404813,0.939131258366575,0.9325987704021552
S2,2,0.7663379273447282,0.8921946100217797,0.9139865161572145
S2,2,0.7194039759251959,0.9161501150975381,0.9397607673301649
S2,2,0.787504410401514,0.8969803008383893,0.9231944969705401
S2,2,0.7090449732548374,0.9011766490669902,0.9288049445790623
S2,2,0.8109590911741758,0.8703523114429548,0.9072287815747323
S2,3,0.8504217477493489,0.8300738763746168,0.8508602232983032
S2,3,0.8392531061358658,0.7611011355828989,0.7992513261111128
S2,3,0.7933339610833049,0.8087639124152044,0.8682063518377654
S2,3,0.6872321899238321,0.8256132454004458,0.90276409439588
S2,3,0.7216756270803643,0.7781780545709553,0.7964325939802881
S2,3,0.6720156479639604,0.7542499810901695,0.8040159043788295
S2,3,0.7367123746425905,0.8206018785711725,0.9259133793274367
S2,3,0.6784489178444435,0.7700446167652628,0.8222239968600931
S2,3,0.7544740952654565,0.7503334110833291,0.7480459566556135
S2,3,0.8074556678798056,0.8663682260599217,0.9047072499037386
S2,3,0.5790618470837116,0.7838334093795021,0.809565791427548
S2,3,0.6787599155287929,0.8198325079608652,0.8581412252801647
S2,3,0.6661275886332328,0.7681790864482474,0.8420333710305292
S2,3,0.6742170210994871,0.7754730317206626,0.8133459566102098
S2,3,0.7772504982221697,0.845448477822275,0.8505013006040585
S2,3,0.6504901726086336,0.84171068764021,0.8794919476093611
S2,3,0.6183236402368143,0.77837776836128,0.9123180670879077
S2,3,0.738643804494291,0.7621863390263623,0.8688485535221615
S2,3,0.8029097229427857,0.8139993380774582,0.8209521840467107
S2,3,0.7409794530443001,0.7751578742534289,0.7662343261468667
S2,3,0.8236403883003044,0.7165217166141566,0.8215964079215539
S2,3,0.8889602567543301,0.7157274365055829,0.7677897149774693
S2,3,0.9931175166930187,0.791141679322664,0.8009439285874075
S2,3,0.7890362680167003,0.6234920078391524,0.786044379969975
S2,3,0.8441933964349729,0.6744601729630582,0.7490775461050594
S2,3,0.8033843960366868,0.7708952995609694,0.7744633621697906
S2,3,0.7323774669191144,0.7626939330499718,0.769536391176582
S2,3,0.9132521490287073,0.8701149482201426,0.9099753660693243
S2,3,0.6289681982078169,0.822161661968451,0.8776513493879097
S2,3,0.7430051023221844,0.8521610655510207,0.8635280862039284
S2,3,0.6754865965394828,0.8146396594282769,0.8744857765348615
S2,3,0.6482840318029313,0.6961809631744607,0.7567077609729113
S2,3,0.7825795522731293,0.7044179282952512,0.7622148173403761
S2,3,0.8022363831969322,0.6869706006439944,0.7368835987737093
S2,3,0.7510823543543329,0.7532026458403784,0.7649162416909393
S2,3,0.7275414083596864,0.7475302666237027,0.7397777374866904
S2,4,0.8698761236937573,0.8204568771861037,0.729429177765676
S2,4,0.8550614675018656,0.8069627093619606,0.7339712824979093
S2,4,0.7211651266026394,0.826777028926682,0.7298791981396182
S2,4,0.7071183004325298,0.7615370686261205,0.7003635796118953
S2,4,0.6993254176815351,0.8207840475481202,0.766094525839099
S2,4,0.7688970815864424,0.8720977675381406,0.7979720967830485
S2,4,0.7066735607495508,0.8306630180530877,0.7292724951206212
S2,4,0.5771137263327035,0.837807159125049,0.6256303690782012
S2,4,0.6528847539266727,0.8257870388755619,0.7501008443931525
S2,4,0.7729962262348419,0.924450220968746,0.8823357094707697
S2,4,0.6309275652876523,0.856721651155841,0.897710484342024
S2,4,0.5804149570049559,0.7804006369548971,0.7481071010572632
S2,4,0.6698571524811886,0.8132853226900294,0.7861008394124535
S2,4,0.5995633221266108,0.8289822226545928,0.7854197718887592
S2,4,0.6808591133862096,0.8016196048822892,0.7216018896641243
S2,4,0.799269747171415,0.8646578383358243,0.9172801418920021
S2,4,0.5413858890233342,0.8108441265020367,0.5707850465134873
S2,4,0.7345230059017519,0.9134052238412406,0.5505785067639976
S2,4,0.7727226651259114,1.0013763172892853,0.7972455468838592
S2,4,0.6010174173587246,0.8875259371817794,0.6849017756474116
S2,4,0.7081111951574739,0.9288680838767955,0.7248440331403696
S2,4,0.5797577325983155,0.8275392169368007,0.6193819491272645
S2,4,0.5949345361843632,0.844765934146029,0.5862519411536242
S2,4,0.7305638243203261,0.7988532922666821,0.4808857499832962
S2,4,0.5934131397314703,0.8647125976539811,0.5336605917408372
S2,4,0.6892088883098111,0.8563332733809428,0.5087703398737662
S2,4,0.6383568065636557,0.8732112995347687,0.5945939714144867
S2,4,0.8158953297679622,0.9737335242962236,0.7477155855486292
S2,4,0.6162906087047685,0.8757912039399355,0.5341571533463808
S2,4,0.6668636807742295,0.863794250091519,0.5013721612873907
S2,4,0.6197790490285376,0.8942148451552228,0.5467393855527896
S2,4,0.6822258810517816,0.8714942525161924,0.5225818056626329
S2,4,0.5504552008106381,0.8423617666452783,0.5457420807788972
S2,4,0.6739384137046656,0.852186252696274,0.5653476866898
S2,4,0.708993630553033,0.8167215997159416,0.5224433733285127
S2,4,0.67011238580814,0.8388567641841915,0.5191099989420833
