subject,feature_set,protocol,model,mse,mse_std,rmse,r2,paper_mse
S1,all,kfold,constant,0.06660704334212242,0.00013159125807999286,0.25808340384868306,-0.014462480335148298,0.0657
S1,all,kfold,lasso,0.009146715143193635,0.00014375875100540916,0.0956384605856537,0.8620051522940902,0.0089
S1,all,kfold,ridge,0.008563385179929854,0.00012302089496477782,0.09253856050279717,0.8722674893698462,
S1,all,kfold,nn,0.010064849745049882,0.0006170068393202698,0.10032372473672357,0.8520049005247001,0.0089
S1,all,lodo,constant,0.09166976220004486,0.04350652402613952,0.3027701474717163,-0.3944432862386096,
S1,all,lodo,lasso,0.020492546162086876,0.00629870709447147,0.1431521783351091,0.6882756895201934,
S1,all,lodo,ridge,0.014322000720620665,0.0032138698068788765,0.1196745617105852,0.7821395270253658,
S1,all,lodo,nn,0.022271677340214697,0.010271319921284905,0.14923698382175477,0.6612122667825602,
S1,step_emg,kfold,constant,0.06660704334212242,0.00013159125807999286,0.25808340384868306,-0.014462480335148298,0.0657
S1,step_emg,kfold,lasso,0.0098705019935358,0.0005390869893345129,0.0993504000673163,0.8527365809872449,0.0089
S1,step_emg,kfold,ridge,0.009347582685563295,0.0002512002829293139,0.09668289758568108,0.8597967926894948,
S1,step_emg,kfold,nn,0.010520107652619293,0.0009163985884684512,0.10256757602975364,0.8214099759073982,0.0104
S1,step_emg,lodo,constant,0.09166976220004486,0.04350652402613952,0.3027701474717163,-0.3944432862386096,
S1,step_emg,lodo,lasso,0.025986544489372956,0.009855158223707975,0.16120342579912175,0.6047032126398455,
S1,step_emg,lodo,ridge,0.016367072303389726,0.0030877563671500028,0.12793385909676033,0.7510307265874796,
S1,step_emg,lodo,nn,0.027265103998095435,0.008427911040416344,0.16512148254571674,0.5852542833505567,
S1,step,kfold,constant,0.06660704334212242,0.00013159125807999286,0.25808340384868306,-0.014462480335148298,0.0657
S1,step,kfold,lasso,0.021539082907288357,0.0007404297639499262,0.1467619940832379,0.6798735919640693,0.02
S1,step,kfold,ridge,0.019915198288513212,0.0006985027415678285,0.14112121842059475,0.7072459910482936,
S1,step,kfold,nn,0.01487640780360318,0.0013683596754336005,0.12196888047204164,0.744458377441872,0.0138
S1,step,lodo,constant,0.09166976220004486,0.04350652402613952,0.3027701474717163,-0.3944432862386096,
S1,step,lodo,lasso,0.035222941590352524,0.01931365488764393,0.18767775997798067,0.4642028816976932,
S1,step,lodo,ridge,0.03633323476420316,0.018860377205835444,0.19061278751490718,0.4473135517280795,
S1,step,lodo,nn,0.03278997782232277,0.01213245093288652,0.181080031539435,0.5012121409187149,
S1,emg,kfold,constant,0.06660704334212242,0.00013159125807999286,0.25808340384868306,-0.014462480335148298,0.0657
S1,emg,kfold,lasso,0.018579741771954397,0.0017590416558368811,0.1363075264684764,0.7441483244197697,0.0158
S1,emg,kfold,ridge,0.018530052327656074,0.0024883848029652357,0.13612513481226043,0.7417010479221409,
S1,emg,kfold,nn,0.013541482585442776,0.0011296268182012757,0.11636787608890513,0.7952221667473541,0.0118
S1,emg,lodo,constant,0.09166976220004486,0.04350652402613952,0.3027701474717163,-0.3944432862386096,
S1,emg,lodo,lasso,0.06361484766872488,0.021164573232122185,0.25221983995856645,0.032316708282004725,
S1,emg,lodo,ridge,0.05793982934331107,0.020890908340033022,0.24070693663314124,0.11864278804083805,
S1,emg,lodo,nn,0.0511289651106459,0.028724736417452518,0.22611714908570268,0.22224689559810606,
S2,all,kfold,constant,0.03617418285510384,0.00023013369423757193,0.19019511785296656,-0.006368314803415931,0.0465
S2,all,kfold,lasso,0.013459939532818802,0.0014378745788168371,0.11601697950222115,0.6461180992860486,0.0176
S2,all,kfold,ridge,0.014592589227665848,0.0007547471186584679,0.1207997898494275,0.6213131892884785,
S2,all,kfold,nn,0.01503348849666266,0.0021138554612744513,0.12261112713233925,0.6093571132783853,0.0301
S2,all,lodo,constant,0.04784342193060371,0.037658830593287944,0.21873139219280735,-0.33689131131287553,
S2,all,lodo,lasso,0.030859983094391,0.012623891425890451,0.17567009732561487,0.13767783320357996,
S2,all,lodo,ridge,0.03581943103816708,0.020177848240161708,0.1892602204325227,-0.0009042873345335156,
S2,all,lodo,nn,0.03154913333202889,0.016571124840167893,0.1776207570415938,0.11842087106103794,
S2,step_emg,kfold,constant,0.03617418285510384,0.00023013369423757193,0.19019511785296656,-0.006368314803415931,0.0465
S2,step_emg,kfold,lasso,0.01453952460491331,0.001051226256343786,0.1205799510901929,0.6003050116490791,0.0168
S2,step_emg,kfold,ridge,0.014399750045677229,0.0008897425538624627,0.11999895851913561,0.6040093991202047,
S2,step_emg,kfold,nn,0.01478823170441487,0.0007761864981688265,0.12160687359033152,0.5565166480361148,0.0313
S2,step_emg,lodo,constant,0.04784342193060371,0.037658830593287944,0.21873139219280735,-0.33689131131287553,
S2,step_emg,lodo,lasso,0.04480008399272133,0.018662903047054275,0.21166030329922833,-0.25185115568928196,
S2,step_emg,lodo,ridge,0.049296670546260066,0.031176980251688923,0.22202853543240803,-0.3774995155142076,
S2,step_emg,lodo,nn,0.06322664881953582,0.035278543694458125,0.25144909786979913,-0.7667456473509258,
S2,step,kfold,constant,0.03617418285510384,0.00023013369423757193,0.19019511785296656,-0.006368314803415931,0.0465
S2,step,kfold,lasso,0.021564866191301765,0.001388047948726805,0.14684980827805585,0.4046913685004483,0.0217
S2,step,kfold,ridge,0.021240935728754396,0.0013876596789654577,0.14574270386113466,0.4149253358658378,
S2,step,kfold,nn,0.016308218583817268,0.0006793326348592407,0.12770363575019025,0.5396321283213764,0.0233
S2,step,lodo,constant,0.04784342193060371,0.037658830593287944,0.21873139219280735,-0.33689131131287553,
S2,step,lodo,lasso,0.047625877710273226,0.03400113415841683,0.21823353937988824,-0.33081246146789556,
S2,step,lodo,ridge,0.05409877358034683,0.03930659247557429,0.2325914305823558,-0.5116849387812088,
S2,step,lodo,nn,0.06156960263896478,0.05377178040381888,0.24813222813444605,-0.7204427168359873,
S2,emg,kfold,constant,0.03617418285510384,0.00023013369423757193,0.19019511785296656,-0.006368314803415931,0.0465
S2,emg,kfold,lasso,0.01814365738601342,0.0008183172127584948,0.13469839414786436,0.4818835957866694,0.0203
S2,emg,kfold,ridge,0.017421428575901312,0.0008088118785545914,0.13199025939781053,0.5209570889282502,
S2,emg,kfold,nn,0.015986882639990662,0.00019771122966926008,0.12643924485692984,0.5499210095763483,0.0199
S2,emg,lodo,constant,0.04784342193060371,0.037658830593287944,0.21873139219280735,-0.33689131131287553,
S2,emg,lodo,lasso,0.04437278330697721,0.029037130223922916,0.21064848280245746,-0.23991106965367281,
S2,emg,lodo,ridge,0.04492658648684376,0.030450571161829844,0.21195892641463288,-0.2553860216839632,
S2,emg,lodo,nn,0.045036470307942784,0.025288167585087857,0.2122179782863431,-0.25845651120484714,
