neurons,mse,mse_std,subject,feature_set,protocol
1,0.0116416728540622,0.00015219636728933271,S1,all,kfold
2,0.011453909802843493,0.0001474518821563241,S1,all,kfold
3,0.011229056401498157,0.0006012526895566325,S1,all,kfold
4,0.010673510264238156,0.000553339921622044,S1,all,kfold
5,0.010902677055943106,0.0007564032468474982,S1,all,kfold
6,0.010568509265449109,0.0005994945130216107,S1,all,kfold
7,0.009599866032528657,0.0007688002240392927,S1,all,kfold
8,0.009614991301233335,0.0003587868756077623,S1,all,kfold
9,0.00943874825293417,0.000427275287022929,S1,all,kfold
10,0.010314678194885754,0.0015299697827008511,S1,all,kfold
1,0.020275695562629925,0.0070800656428107,S1,all,lodo
2,0.02374933165745662,0.00712912710893314,S1,all,lodo
3,0.031658739820537046,0.012782002981110135,S1,all,lodo
4,0.02503928597342211,0.005887220680835762,S1,all,lodo
5,0.0283640481912046,0.011422204367537447,S1,all,lodo
6,0.032292382344131246,0.012223297907215032,S1,all,lodo
7,0.02529804099070235,0.008519493297443793,S1,all,lodo
8,0.028772860911131612,0.011670533003522986,S1,all,lodo
9,0.03139129614670641,0.011815919934937913,S1,all,lodo
10,0.030355841395234544,0.014840071476361698,S1,all,lodo
1,0.012566821273236982,0.0005796180966869605,S1,step_emg,kfold
2,0.01221056468077901,0.0014536047071278424,S1,step_emg,kfold
3,0.00975898751802253,0.0010519658970086503,S1,step_emg,kfold
4,0.009765054153531008,0.0007282811894335865,S1,step_emg,kfold
5,0.009100060161517681,0.0006292133677023617,S1,step_emg,kfold
6,0.00980557920240594,0.0013955792182671692,S1,step_emg,kfold
7,0.009882281439432313,0.0006716464072029376,S1,step_emg,kfold
8,0.01127335823121207,0.0016417925941768312,S1,step_emg,kfold
9,0.010038497565193245,0.0011877618178063696,S1,step_emg,kfold
10,0.009594777490666624,0.0010321281799094,S1,step_emg,kfold
1,0.023163148920138654,0.007412022822295432,S1,step_emg,lodo
2,0.027058332075650914,0.007689981494200631,S1,step_emg,lodo
3,0.037649572462736015,0.017168816460536755,S1,step_emg,lodo
4,0.03391262331733415,0.026670972578519477,S1,step_emg,lodo
5,0.03299212897229262,0.016094979929077834,S1,step_emg,lodo
6,0.04544948366027833,0.03400676131867296,S1,step_emg,lodo
7,0.028239087221221846,0.010948191951819288,S1,step_emg,lodo
8,0.0324536635540913,0.008465527927895455,S1,step_emg,lodo
9,0.04140835817969443,0.03176028177167361,S1,step_emg,lodo
10,0.037129404030174076,0.017986825395665956,S1,step_emg,lodo
1,0.017677729065990442,0.0005471764520781139,S1,step,kfold
2,0.014423236230383545,0.0005091077885031561,S1,step,kfold
3,0.014003049929802633,0.000329221300429697,S1,step,kfold
4,0.014306904790280921,0.0010864921336489473,S1,step,kfold
5,0.014369623355995597,0.0005687705208440936,S1,step,kfold
6,0.014654014446747682,0.0012010648927202811,S1,step,kfold
7,0.01502201397515311,0.0008011787412787333,S1,step,kfold
8,0.014832305360691668,0.0009437310623896771,S1,step,kfold
9,0.01492917025325445,0.00040491524084367616,S1,step,kfold
10,0.015333561607785645,0.0007053605748262754,S1,step,kfold
1,0.03714321863901257,0.013738499596281447,S1,step,lodo
2,0.03015364834528406,0.011389462245858146,S1,step,lodo
3,0.031983109740257455,0.012766275346158559,S1,step,lodo
4,0.028334795926151766,0.012628664556627854,S1,step,lodo
5,0.02850764136107901,0.01233212552006387,S1,step,lodo
6,0.027160782574816612,0.012398231948861438,S1,step,lodo
7,0.029484713364653112,0.011460646900363287,S1,step,lodo
8,0.035967964193435106,0.011734076404013307,S1,step,lodo
9,0.03202622591095856,0.013192069287294314,S1,step,lodo
10,0.03242103653170159,0.014345529137521495,S1,step,lodo
1,0.015503789595697412,0.0003340354659459248,S1,emg,kfold
2,0.013161672262076296,0.0007397715683983735,S1,emg,kfold
3,0.012853093752955312,0.0010096286488776053,S1,emg,kfold
4,0.012569976536932372,0.0010907038988516987,S1,emg,kfold
5,0.012457723356329525,0.001393981423793672,S1,emg,kfold
6,0.013068328181236077,0.0016190696891576596,S1,emg,kfold
7,0.011717954007041906,0.0006690007455808839,S1,emg,kfold
8,0.01390233866002528,0.0024424535182492467,S1,emg,kfold
9,0.013480203457236708,0.001993625675954955,S1,emg,kfold
10,0.013079122748947347,0.0013028452026731057,S1,emg,kfold
1,0.055798908709991775,0.029561837310836416,S1,emg,lodo
2,0.05179754063037734,0.01867408591979863,S1,emg,lodo
3,0.047472693709251786,0.024185946128142365,S1,emg,lodo
4,0.057643363163109876,0.03185738815094109,S1,emg,lodo
5,0.06917052764795524,0.022509376538599482,S1,emg,lodo
6,0.06495253370348467,0.026118810621561676,S1,emg,lodo
7,0.06105008764149422,0.03013348835779151,S1,emg,lodo
8,0.0667036068085772,0.027286842645919587,S1,emg,lodo
9,0.06257202965007337,0.027510662171718294,S1,emg,lodo
10,0.0576072558324037,0.02496815064398389,S1,emg,lodo
1,0.013468195662143788,0.00047235541843385575,S2,all,kfold
2,0.01575466643273356,0.0016254769172851843,S2,all,kfold
3,0.01450169768916264,0.0009108740403827757,S2,all,kfold
4,0.017213157507886833,0.0005648523627472426,S2,all,kfold
5,0.01489586850782767,0.0017994763431459961,S2,all,kfold
6,0.016219150706052513,0.0015554732721083236,S2,all,kfold
7,0.01603712049617225,0.0012070711664763445,S2,all,kfold
8,0.014916732996959434,0.0013813877074530566,S2,all,kfold
9,0.016995967239660566,0.0015578517756646983,S2,all,kfold
10,0.016826022471254733,0.001968299027219806,S2,all,kfold
1,0.0466881099000232,0.011541935649270925,S2,all,lodo
2,0.0535114725427132,0.008569850953388374,S2,all,lodo
3,0.07977932459243076,0.0516032904121948,S2,all,lodo
4,0.06333736897833835,0.0250674189598518,S2,all,lodo
5,0.07822189858586129,0.028613715298172176,S2,all,lodo
6,0.03666484177880364,0.02395176554964431,S2,all,lodo
7,0.05006723366086302,0.031052802059181785,S2,all,lodo
8,0.05834999639583318,0.013124332839091441,S2,all,lodo
9,0.048642608644619396,0.01956227120839383,S2,all,lodo
10,0.04068972727469479,0.016406503869974085,S2,all,lodo
1,0.015465924091193734,0.0009443630764018107,S2,step_emg,kfold
2,0.01771840869159515,0.001460433570729692,S2,step_emg,kfold
3,0.017172467027132838,0.0006511676763740285,S2,step_emg,kfold
4,0.01674696374661972,0.0015497068956768752,S2,step_emg,kfold
5,0.016624209924691755,0.0015370656719236693,S2,step_emg,kfold
6,0.01785742213253834,0.0021746469008267332,S2,step_emg,kfold
7,0.016303311031689055,0.003031980782719271,S2,step_emg,kfold
8,0.017054868077801547,0.0012012058524418952,S2,step_emg,kfold
9,0.017360897028594585,0.001381633229321188,S2,step_emg,kfold
10,0.016578443799681247,0.0012550005465079607,S2,step_emg,kfold
1,0.08320800142924378,0.03567239062442112,S2,step_emg,lodo
2,0.08758515300475105,0.04258141998769663,S2,step_emg,lodo
3,0.0774866297769651,0.061495611443622374,S2,step_emg,lodo
4,0.07905020790899966,0.03334001910815571,S2,step_emg,lodo
5,0.11187255328417782,0.08170592477589791,S2,step_emg,lodo
6,0.062365077245100646,0.05233833366643214,S2,step_emg,lodo
7,0.06074150444957291,0.035623698094564726,S2,step_emg,lodo
8,0.05692317710259691,0.012657798553122447,S2,step_emg,lodo
9,0.053356012026324985,0.03675813982361867,S2,step_emg,lodo
10,0.0596914668713127,0.037605104338273194,S2,step_emg,lodo
1,0.019495890063850125,0.0010091353505812457,S2,step,kfold
2,0.0190433554464001,0.0012885550729595774,S2,step,kfold
3,0.017772224290195978,0.0012611950476807579,S2,step,kfold
4,0.017219149008048298,0.0007842601701035546,S2,step,kfold
5,0.017817860029422625,0.0014934742152226822,S2,step,kfold
6,0.015225516307872727,0.0007652852033352325,S2,step,kfold
7,0.015623977770704664,0.0005303651360504532,S2,step,kfold
8,0.015660160320828804,0.0007454389480400714,S2,step,kfold
9,0.016410606941626774,0.0011915753846410185,S2,step,kfold
10,0.014894371328494175,0.0008661431943941957,S2,step,kfold
1,0.039823403971119005,0.030730624744511416,S2,step,lodo
2,0.05633438620351007,0.050424351606892584,S2,step,lodo
3,0.03713043176420121,0.027988311368251403,S2,step,lodo
4,0.04323132930866414,0.024906358221854115,S2,step,lodo
5,0.060101123773008955,0.05851338204834867,S2,step,lodo
6,0.04441582046378967,0.030243716547805215,S2,step,lodo
7,0.0566804276460409,0.04886985062693398,S2,step,lodo
8,0.06401298297638308,0.050584264831608494,S2,step,lodo
9,0.06042156942454457,0.05147760771850773,S2,step,lodo
10,0.11189754146944944,0.15377382870475662,S2,step,lodo
1,0.01817314957845696,0.0007549202467541994,S2,emg,kfold
2,0.018838810518869892,0.0018674596984025744,S2,emg,kfold
3,0.017724258902022044,0.0023315732441591347,S2,emg,kfold
4,0.018478307870546443,0.001717435781976849,S2,emg,kfold
5,0.019368875625978565,0.0006334098471068427,S2,emg,kfold
6,0.01848957666022476,0.001496686416072022,S2,emg,kfold
7,0.018718218571954236,0.0029779850417333883,S2,emg,kfold
8,0.01705178124094174,0.001981341549148174,S2,emg,kfold
9,0.017396693700413492,0.0021522790151274817,S2,emg,kfold
10,0.019164632591807597,0.0007729098316040556,S2,emg,kfold
1,0.10124985176004192,0.027492576580865312,S2,emg,lodo
2,0.08566321163818626,0.0505118027747131,S2,emg,lodo
3,0.09630049300623654,0.04879662198574343,S2,emg,lodo
4,0.09590076380344925,0.0555066892813468,S2,emg,lodo
5,0.05550340302504315,0.013569254952846615,S2,emg,lodo
6,0.09194237454855621,0.027043488971324883,S2,emg,lodo
7,0.07184766688221672,0.03574491482607449,S2,emg,lodo
8,0.06958333942144149,0.04073053234793618,S2,emg,lodo
9,0.0737403357829569,0.04243699573442461,S2,emg,lodo
10,0.05845235946161656,0.02728232946630136,S2,emg,lodo
