components,mse,explained_variance,subject,protocol
1,0.028592923220472032,0.32295253305220545,S1,kfold
2,0.010868775254538544,0.5066275333037431,S1,kfold
3,0.009986240177236589,0.5947178872219817,S1,kfold
5,0.00986068225673538,0.717131201049257,S1,kfold
8,0.009922859473977776,0.8230040753127372,S1,kfold
12,0.00939878202948219,0.9125929035227326,S1,kfold
16,0.010489851002870873,0.9584121562635826,S1,kfold
20,0.012085961351431281,0.9821151714898934,S1,kfold
25,0.014535399887301173,0.9972392832016667,S1,kfold
29,0.014928043043861661,1.0000000000000002,S1,kfold
1,0.05628139642875026,0.32295253305220545,S1,lodo
2,0.025858304784401282,0.5066275333037431,S1,lodo
3,0.019334952911470037,0.5947178872219817,S1,lodo
5,0.025698026650017223,0.717131201049257,S1,lodo
8,0.023123770266397895,0.8230040753127372,S1,lodo
12,0.03747347799899952,0.9125929035227326,S1,lodo
16,0.05875393340384673,0.9584121562635826,S1,lodo
20,0.04086718065986236,0.9821151714898934,S1,lodo
25,0.020372552053701837,0.9972392832016667,S1,lodo
29,0.06181138525593245,1.0000000000000002,S1,lodo
1,0.02930964428891123,0.164395067181476,S2,kfold
2,0.014527666511512346,0.3255027353017016,S2,kfold
3,0.013685763528359903,0.4472852338457669,S2,kfold
5,0.010145300128854355,0.621654804400979,S2,kfold
8,0.013790636980423503,0.7606559872724333,S2,kfold
12,0.014383786704004416,0.8682482437141511,S2,kfold
16,0.01893043387740942,0.9328000623233137,S2,kfold
20,0.01694876148403957,0.9709640937691709,S2,kfold
25,0.018806450498156053,0.9945379895399509,S2,kfold
29,0.020327522118169936,1.0,S2,kfold
1,0.041591347775987685,0.164395067181476,S2,lodo
2,0.03730557877669416,0.3255027353017016,S2,lodo
3,0.025543647526721176,0.4472852338457669,S2,lodo
5,0.029878261907112232,0.621654804400979,S2,lodo
8,0.031082582785560184,0.7606559872724333,S2,lodo
12,0.05517101358897996,0.8682482437141511,S2,lodo
16,0.06344314957014985,0.9328000623233137,S2,lodo
20,0.07312145789052066,0.9709640937691709,S2,lodo
25,0.061035001662437305,0.9945379895399509,S2,lodo
29,0.05396240826528789,1.0,S2,lodo
