feature,frequency,subject,protocol
L_peak_pf,1.0,S1,kfold
emg9,1.0,S1,kfold
ctrl1,1.0,S1,kfold
emg8,1.0,S1,kfold
L_step_time,0.6,S1,kfold
emg7,0.6,S1,kfold
R_peak_df,0.6,S1,kfold
emg3,0.6,S1,kfold
emg12,0.4,S1,kfold
emg2,0.4,S1,kfold
emg13,0.4,S1,kfold
ctrl2,0.4,S1,kfold
L_peak_df,0.4,S1,kfold
emg11,0.4,S1,kfold
ctrl4,0.2,S1,kfold
emg6,0.2,S1,kfold
emg16,0.2,S1,kfold
R_step_time,0.2,S1,kfold
emg4,0.2,S1,kfold
LFz_peak,0.2,S1,kfold
step_width,0.2,S1,kfold
emg15,0.2,S1,kfold
emg1,0.0,S1,kfold
RFz_peak,0.0,S1,kfold
R_peak_pf,0.0,S1,kfold
emg10,0.0,S1,kfold
emg5,0.0,S1,kfold
emg14,0.0,S1,kfold
ctrl3,0.0,S1,kfold
L_peak_pf,1.0,S1,lodo
emg3,0.8,S1,lodo
emg12,0.8,S1,lodo
emg15,0.6,S1,lodo
R_peak_pf,0.4,S1,lodo
emg6,0.4,S1,lodo
ctrl1,0.4,S1,lodo
emg2,0.4,S1,lodo
step_width,0.2,S1,lodo
emg1,0.2,S1,lodo
RFz_peak,0.2,S1,lodo
L_peak_df,0.2,S1,lodo
L_step_time,0.2,S1,lodo
ctrl4,0.2,S1,lodo
emg11,0.2,S1,lodo
emg14,0.2,S1,lodo
emg4,0.2,S1,lodo
emg8,0.2,S1,lodo
emg9,0.2,S1,lodo
emg7,0.2,S1,lodo
emg5,0.2,S1,lodo
emg13,0.2,S1,lodo
R_peak_df,0.0,S1,lodo
LFz_peak,0.0,S1,lodo
R_step_time,0.0,S1,lodo
emg10,0.0,S1,lodo
emg16,0.0,S1,lodo
ctrl2,0.0,S1,lodo
ctrl3,0.0,S1,lodo
emg10,1.0,S2,kfold
ctrl2,1.0,S2,kfold
emg16,0.8,S2,kfold
emg6,0.4,S2,kfold
L_peak_df,0.2,S2,kfold
emg3,0.2,S2,kfold
emg2,0.2,S2,kfold
R_step_time,0.2,S2,kfold
emg14,0.2,S2,kfold
RFz_peak,0.2,S2,kfold
L_peak_pf,0.2,S2,kfold
R_peak_pf,0.2,S2,kfold
R_peak_df,0.2,S2,kfold
ctrl1,0.2,S2,kfold
emg4,0.0,S2,kfold
step_width,0.0,S2,kfold
L_step_time,0.0,S2,kfold
LFz_peak,0.0,S2,kfold
emg1,0.0,S2,kfold
emg7,0.0,S2,kfold
emg5,0.0,S2,kfold
emg12,0.0,S2,kfold
emg11,0.0,S2,kfold
emg9,0.0,S2,kfold
emg8,0.0,S2,kfold
emg15,0.0,S2,kfold
emg13,0.0,S2,kfold
ctrl3,0.0,S2,kfold
ctrl4,0.0,S2,kfold
emg2,0.8,S2,lodo
emg10,0.8,S2,lodo
emg16,0.6,S2,lodo
ctrl2,0.6,S2,lodo
emg3,0.4,S2,lodo
R_peak_pf,0.4,S2,lodo
emg1,0.4,S2,lodo
L_peak_pf,0.4,S2,lodo
step_width,0.2,S2,lodo
R_peak_df,0.2,S2,lodo
R_step_time,0.2,S2,lodo
L_peak_df,0.2,S2,lodo
L_step_time,0.2,S2,lodo
emg14,0.2,S2,lodo
ctrl4,0.2,S2,lodo
emg7,0.2,S2,lodo
emg5,0.2,S2,lodo
emg9,0.2,S2,lodo
emg6,0.2,S2,lodo
LFz_peak,0.0,S2,lodo
RFz_peak,0.0,S2,lodo
emg4,0.0,S2,lodo
emg12,0.0,S2,lodo
emg8,0.0,S2,lodo
emg11,0.0,S2,lodo
emg15,0.0,S2,lodo
emg13,0.0,S2,lodo
ctrl1,0.0,S2,lodo
ctrl3,0.0,S2,lodo
